Year,City,Sport,Athlete,Country,Gender,Event,Medal
1924,Chamonix,Ice Hockey,"CAMERON, Jack",CAN,Men,Ice Hockey,Gold
1924,Chamonix,Ice Hockey,"COLLETT, Ernest J.",CAN,Men,Ice Hockey,Gold
1924,Chamonix,Ice Hockey,"MAC CAFFERY, Albert",CAN,Men,Ice Hockey,Gold
1924,Chamonix,Ice Hockey,"MAC MUNN, Harold",CAN,Men,Ice Hockey,Gold
1924,Chamonix,Ice Hockey,"MUNRO, Duncan",CAN,Men,Ice Hockey,Gold
1924,Chamonix,Ice Hockey,"RAMSAY, W.-Beattie",CAN,Men,Ice Hockey,Gold
1924,Chamonix,Ice Hockey,"SLATER, Cyril",CAN,Men,Ice Hockey,Gold
1924,Chamonix,Ice Hockey,"SMITH, Reginald",CAN,Men,Ice Hockey,Gold
1924,Chamonix,Ice Hockey,"WATSON, Harry",CAN,Men,Ice Hockey,Gold
1924,Chamonix,Ice Hockey,"ABEL, Clarence John",USA,Men,Ice Hockey,Silver
1924,Chamonix,Ice Hockey,"DRURY, Herbert L.",USA,Men,Ice Hockey,Silver
1924,Chamonix,Ice Hockey,"GERAN, N.",USA,Men,Ice Hockey,Silver
1924,Chamonix,Ice Hockey,"LACROIX, Alphonse",USA,Men,Ice Hockey,Silver
1924,Chamonix,Ice Hockey,"LANGLEY, John Arthur",USA,Men,Ice Hockey,Silver
1924,Chamonix,Ice Hockey,"LYONS, John Sharkey",USA,Men,Ice Hockey,Silver
1924,Chamonix,Ice Hockey,"MAC CARTHY, Justin",USA,Men,Ice Hockey,Silver
1924,Chamonix,Ice Hockey,"RICE, Willard",USA,Men,Ice Hockey,Silver
1924,Chamonix,Ice Hockey,"SMALL, Irving Wheeler",USA,Men,Ice Hockey,Silver
1924,Chamonix,Ice Hockey,"SYNNOTT, Francis Allen",USA,Men,Ice Hockey,Silver
1928,St.Moritz,Ice Hockey,"DELAHAY, Charles",CAN,Men,Ice Hockey,Gold
1928,St.Moritz,Ice Hockey,"FISHER, Franlyn Wood",CAN,Men,Ice Hockey,Gold
1928,St.Moritz,Ice Hockey,"HUDSON, Henry Louis",CAN,Men,Ice Hockey,Gold
1928,St.Moritz,Ice Hockey,"MUELLER, Norbert Edward",CAN,Men,Ice Hockey,Gold
1928,St.Moritz,Ice Hockey,"PLAXTON, Herbert Alfred",CAN,Men,Ice Hockey,Gold
1928,St.Moritz,Ice Hockey,"PLAXTON, Hugh John",CAN,Men,Ice Hockey,Gold
1928,St.Moritz,Ice Hockey,"PLAXTON, Rogers Hayward",CAN,Men,Ice Hockey,Gold
1928,St.Moritz,Ice Hockey,"PORTER, John Chester",CAN,Men,Ice Hockey,Gold
1928,St.Moritz,Ice Hockey,"SULLIVAN, Frank Gerald",CAN,Men,Ice Hockey,Gold
1928,St.Moritz,Ice Hockey,"SULLIVAN, Joseph Taylor",CAN,Men,Ice Hockey,Gold
1928,St.Moritz,Ice Hockey,"TAYLOR, Ross Croft",CAN,Men,Ice Hockey,Gold
1928,St.Moritz,Ice Hockey,"TROTTIER, David",CAN,Men,Ice Hockey,Gold
1932,Lake Placid,Ice Hockey,"COCKBURN, William George",CAN,Men,Ice Hockey,Gold
1932,Lake Placid,Ice Hockey,"CROWLEY, Clifford",CAN,Men,Ice Hockey,Gold
1932,Lake Placid,Ice Hockey,"DUNCANSON, Albert",CAN,Men,Ice Hockey,Gold
1932,Lake Placid,Ice Hockey,"GARBUTT, George",CAN,Men,Ice Hockey,Gold
1932,Lake Placid,Ice Hockey,"HINKEL, Roy",CAN,Men,Ice Hockey,Gold
1932,Lake Placid,Ice Hockey,"LINDQUIST, C. Victor",CAN,Men,Ice Hockey,Gold
1932,Lake Placid,Ice Hockey,"MALLOY, Norman",CAN,Men,Ice Hockey,Gold
1932,Lake Placid,Ice Hockey,"MONSON, Walter",CAN,Men,Ice Hockey,Gold
1932,Lake Placid,Ice Hockey,"MOORE, Kenneth",CAN,Men,Ice Hockey,Gold
1932,Lake Placid,Ice Hockey,"RIVERS, N.Romeo",CAN,Men,Ice Hockey,Gold
1932,Lake Placid,Ice Hockey,"SIMPSON, Harold",CAN,Men,Ice Hockey,Gold
1932,Lake Placid,Ice Hockey,"SUTHERLAND, Hugh",CAN,Men,Ice Hockey,Gold
1932,Lake Placid,Ice Hockey,"WAGNER, W. Stanley",CAN,Men,Ice Hockey,Gold
1932,Lake Placid,Ice Hockey,"WISE, J. Alliston",CAN,Men,Ice Hockey,Gold
1932,Lake Placid,Ice Hockey,"ANDERSON, Osborn",USA,Men,Ice Hockey,Silver
1932,Lake Placid,Ice Hockey,"BENT, John Peale",USA,Men,Ice Hockey,Silver
1932,Lake Placid,Ice Hockey,"CHASE, John Pierce",USA,Men,Ice Hockey,Silver
1932,Lake Placid,Ice Hockey,"COOKMAN, John Emery",USA,Men,Ice Hockey,Silver
1932,Lake Placid,Ice Hockey,"EVERETT, Douglas Newton",USA,Men,Ice Hockey,Silver
1932,Lake Placid,Ice Hockey,"FARRELL, Franklin",USA,Men,Ice Hockey,Silver
1932,Lake Placid,Ice Hockey,"FITZGERALD, Joseph",USA,Men,Ice Hockey,Silver
1932,Lake Placid,Ice Hockey,"FRAZIER, Edward Hartwell",USA,Men,Ice Hockey,Silver
1932,Lake Placid,Ice Hockey,"GARRISON, John Bright",USA,Men,Ice Hockey,Silver
1932,Lake Placid,Ice Hockey,"HALLOCK, Gerard",USA,Men,Ice Hockey,Silver
1932,Lake Placid,Ice Hockey,"LIVINGSTON, Robert Cambridge",USA,Men,Ice Hockey,Silver
1932,Lake Placid,Ice Hockey,"NELSON, Francis Augustus",USA,Men,Ice Hockey,Silver
1932,Lake Placid,Ice Hockey,"PALMER, Winthrop Hale",USA,Men,Ice Hockey,Silver
1932,Lake Placid,Ice Hockey,"SMITH, Gordon",USA,Men,Ice Hockey,Silver
1936,Garmisch Partenkirchen,Ice Hockey,"DEACON, Maxwell Arnold",CAN,Men,Ice Hockey,Silver
1936,Garmisch Partenkirchen,Ice Hockey,"FARGUHARSON, Hugh",CAN,Men,Ice Hockey,Silver
1936,Garmisch Partenkirchen,Ice Hockey,"FARMER-HORN, Kenneth",CAN,Men,Ice Hockey,Silver
1936,Garmisch Partenkirchen,Ice Hockey,"HAGGARTY, James",CAN,Men,Ice Hockey,Silver
1936,Garmisch Partenkirchen,Ice Hockey,"KITCHEN, Walter",CAN,Men,Ice Hockey,Silver
1936,Garmisch Partenkirchen,Ice Hockey,"MILTON, Raymond",CAN,Men,Ice Hockey,Silver
1936,Garmisch Partenkirchen,Ice Hockey,"MOORE, Francis",CAN,Men,Ice Hockey,Silver
1936,Garmisch Partenkirchen,Ice Hockey,"MURRAY, Herman",CAN,Men,Ice Hockey,Silver
1936,Garmisch Partenkirchen,Ice Hockey,"NASH, Arthur",CAN,Men,Ice Hockey,Silver
1936,Garmisch Partenkirchen,Ice Hockey,"NEVILLE, David John",CAN,Men,Ice Hockey,Silver
1936,Garmisch Partenkirchen,Ice Hockey,"SINCLAIR, Alexander",CAN,Men,Ice Hockey,Silver
1936,Garmisch Partenkirchen,Ice Hockey,"ST.GERMAIN, Ralph",CAN,Men,Ice Hockey,Silver
1936,Garmisch Partenkirchen,Ice Hockey,"THOMSON, William",CAN,Men,Ice Hockey,Silver
1936,Garmisch Partenkirchen,Ice Hockey,"GARRISON, John Bright",USA,Men,Ice Hockey,Bronze
1936,Garmisch Partenkirchen,Ice Hockey,"KAMMER, August",USA,Men,Ice Hockey,Bronze
1936,Garmisch Partenkirchen,Ice Hockey,"LA BATTE, Philip William",USA,Men,Ice Hockey,Bronze
1936,Garmisch Partenkirchen,Ice Hockey,"LAX, John Charles",USA,Men,Ice Hockey,Bronze
1936,Garmisch Partenkirchen,Ice Hockey,"MOONE, Thomas",USA,Men,Ice Hockey,Bronze
1936,Garmisch Partenkirchen,Ice Hockey,"ROSS, Eldridge Baker",USA,Men,Ice Hockey,Bronze
1936,Garmisch Partenkirchen,Ice Hockey,"ROWE, Paul Edward",USA,Men,Ice Hockey,Bronze
1936,Garmisch Partenkirchen,Ice Hockey,"SHAUGHNESSY, Francis John",USA,Men,Ice Hockey,Bronze
1936,Garmisch Partenkirchen,Ice Hockey,"SMITH, Gordon",USA,Men,Ice Hockey,Bronze
1936,Garmisch Partenkirchen,Ice Hockey,"SPAIN, Francis Jones",USA,Men,Ice Hockey,Bronze
1936,Garmisch Partenkirchen,Ice Hockey,"STUBBS, Frank Raymond",USA,Men,Ice Hockey,Bronze
1948,St.Moritz,Ice Hockey,"BROOKS, H.",CAN,Men,Ice Hockey,Gold
1948,St.Moritz,Ice Hockey,"DOWEY, Murray Albert",CAN,Men,Ice Hockey,Gold
1948,St.Moritz,Ice Hockey,"DUNSTER, Bernard Frank",CAN,Men,Ice Hockey,Gold
1948,St.Moritz,Ice Hockey,"FORBES, R.A.",CAN,Men,Ice Hockey,Gold
1948,St.Moritz,Ice Hockey,"GILPIN, A.",CAN,Men,Ice Hockey,Gold
1948,St.Moritz,Ice Hockey,"GRAVELLE, Jean Orval",CAN,Men,Ice Hockey,Gold
1948,St.Moritz,Ice Hockey,"GUZZO, Patrick",CAN,Men,Ice Hockey,Gold
1948,St.Moritz,Ice Hockey,"HALDER, Walter Edwin",CAN,Men,Ice Hockey,Gold
1948,St.Moritz,Ice Hockey,"HIBBERD, Thomas Edward",CAN,Men,Ice Hockey,Gold
1948,St.Moritz,Ice Hockey,"KING, Ross",CAN,Men,Ice Hockey,Gold
1948,St.Moritz,Ice Hockey,"LAPERRIERE, Henri-Andre",CAN,Men,Ice Hockey,Gold
1948,St.Moritz,Ice Hockey,"LECOMPTE, John Howard",CAN,Men,Ice Hockey,Gold
1948,St.Moritz,Ice Hockey,"LEICHNITZ, J.",CAN,Men,Ice Hockey,Gold
1948,St.Moritz,Ice Hockey,"MARA, George Edward",CAN,Men,Ice Hockey,Gold
1948,St.Moritz,Ice Hockey,"RENAUD, Albert Romeo",CAN,Men,Ice Hockey,Gold
1948,St.Moritz,Ice Hockey,"SCHROETER, Reginald John",CAN,Men,Ice Hockey,Gold
1948,St.Moritz,Ice Hockey,"TAYLOR, Irving",CAN,Men,Ice Hockey,Gold
1952,Oslo,Ice Hockey,"ABEL, George Gordon",CAN,Men,Ice Hockey,Gold
1952,Oslo,Ice Hockey,"DAVIES, John Francis",CAN,Men,Ice Hockey,Gold
1952,Oslo,Ice Hockey,"DAWE, Billie",CAN,Men,Ice Hockey,Gold
1952,Oslo,Ice Hockey,"DICKSON, Robert Bruce",CAN,Men,Ice Hockey,Gold
1952,Oslo,Ice Hockey,"GAUF, Donald Valentine",CAN,Men,Ice Hockey,Gold
1952,Oslo,Ice Hockey,"GIBSON, William James",CAN,Men,Ice Hockey,Gold
1952,Oslo,Ice Hockey,"HANSCH, Ralph Lawrence",CAN,Men,Ice Hockey,Gold
1952,Oslo,Ice Hockey,"MEYERS, Robert Roderick",CAN,Men,Ice Hockey,Gold
1952,Oslo,Ice Hockey,"MILLER, David Engelberg",CAN,Men,Ice Hockey,Gold
1952,Oslo,Ice Hockey,"PATERSON, Eric Evan",CAN,Men,Ice Hockey,Gold
1952,Oslo,Ice Hockey,"POLLOCK, Thomas Allen",CAN,Men,Ice Hockey,Gold
1952,Oslo,Ice Hockey,"PURVIS, Alan Ruggles",CAN,Men,Ice Hockey,Gold
1952,Oslo,Ice Hockey,"ROBERTSON, Gordon",CAN,Men,Ice Hockey,Gold
1952,Oslo,Ice Hockey,"SECCO, Louis John",CAN,Men,Ice Hockey,Gold
1952,Oslo,Ice Hockey,"SULLIVAN, Francis Cornelius",CAN,Men,Ice Hockey,Gold
1952,Oslo,Ice Hockey,"WATT, Robert",CAN,Men,Ice Hockey,Gold
1952,Oslo,Ice Hockey,"BJORKMAN, Ruben Eugene",USA,Men,Ice Hockey,Silver
1952,Oslo,Ice Hockey,"CEGLARSKI, Leonard Stanley",USA,Men,Ice Hockey,Silver
1952,Oslo,Ice Hockey,"CZARNOTA, Joseph John",USA,Men,Ice Hockey,Silver
1952,Oslo,Ice Hockey,"DESMOND, Richard Joseph",USA,Men,Ice Hockey,Silver
1952,Oslo,Ice Hockey,"GAMBUCCI, Andre Peter",USA,Men,Ice Hockey,Silver
1952,Oslo,Ice Hockey,"HARRISON, Clifford",USA,Men,Ice Hockey,Silver
1952,Oslo,Ice Hockey,"KILMARTIN, Gerald Walsh",USA,Men,Ice Hockey,Silver
1952,Oslo,Ice Hockey,"MULHERN, John Francis",USA,Men,Ice Hockey,Silver
1952,Oslo,Ice Hockey,"NOAH, John Michael",USA,Men,Ice Hockey,Silver
1952,Oslo,Ice Hockey,"OSS, Arnold Carl",USA,Men,Ice Hockey,Silver
1952,Oslo,Ice Hockey,"ROMPRE, Robert Edward",USA,Men,Ice Hockey,Silver
1952,Oslo,Ice Hockey,"SEDIN, James Walter",USA,Men,Ice Hockey,Silver
1952,Oslo,Ice Hockey,"VAN ALLEN, Alfred",USA,Men,Ice Hockey,Silver
1952,Oslo,Ice Hockey,"WHISTON, Donald Francis",USA,Men,Ice Hockey,Silver
1952,Oslo,Ice Hockey,"YACKEL, Kenneth James",USA,Men,Ice Hockey,Silver
1956,Cortina d'Ampezzo,Ice Hockey,"BRODEUR, Denis",CAN,Men,Ice Hockey,Bronze
1956,Cortina d'Ampezzo,Ice Hockey,"BROOKER, Charles",CAN,Men,Ice Hockey,Bronze
1956,Cortina d'Ampezzo,Ice Hockey,"COLVIN, William",CAN,Men,Ice Hockey,Bronze
1956,Cortina d'Ampezzo,Ice Hockey,"HORNE, Alfred James",CAN,Men,Ice Hockey,Bronze
1956,Cortina d'Ampezzo,Ice Hockey,"HURST, Arthur",CAN,Men,Ice Hockey,Bronze
1956,Cortina d'Ampezzo,Ice Hockey,"KLINCK, Byrle",CAN,Men,Ice Hockey,Bronze
1956,Cortina d'Ampezzo,Ice Hockey,"KNOX, Paul",CAN,Men,Ice Hockey,Bronze
1956,Cortina d'Ampezzo,Ice Hockey,"LAUFMAN, Kenneth",CAN,Men,Ice Hockey,Bronze
1956,Cortina d'Ampezzo,Ice Hockey,"LEE, Howard Stewart",CAN,Men,Ice Hockey,Bronze
1956,Cortina d'Ampezzo,Ice Hockey,"LOGAN, James",CAN,Men,Ice Hockey,Bronze
1956,Cortina d'Ampezzo,Ice Hockey,"MARTIN, Floyd",CAN,Men,Ice Hockey,Bronze
1956,Cortina d'Ampezzo,Ice Hockey,"MCKENZIE, John A.",CAN,Men,Ice Hockey,Bronze
1956,Cortina d'Ampezzo,Ice Hockey,"ROPE, Donald",CAN,Men,Ice Hockey,Bronze
1956,Cortina d'Ampezzo,Ice Hockey,"SCHOLES, George",CAN,Men,Ice Hockey,Bronze
1956,Cortina d'Ampezzo,Ice Hockey,"THEBERGE, Gerry",CAN,Men,Ice Hockey,Bronze
1956,Cortina d'Ampezzo,Ice Hockey,"WHITE, Robert",CAN,Men,Ice Hockey,Bronze
1956,Cortina d'Ampezzo,Ice Hockey,"WOODALL, Keith Eugene",CAN,Men,Ice Hockey,Bronze
1956,Cortina d'Ampezzo,Ice Hockey,"ANDERSON, Wendell Richard",USA,Men,Ice Hockey,Silver
1956,Cortina d'Ampezzo,Ice Hockey,"BURTNETT, Wellington Parker",USA,Men,Ice Hockey,Silver
1956,Cortina d'Ampezzo,Ice Hockey,"CAMPBELL, Eugene Edward",USA,Men,Ice Hockey,Silver
1956,Cortina d'Ampezzo,Ice Hockey,"CHRISTIAN, Gordon Eugene",USA,Men,Ice Hockey,Silver
1956,Cortina d'Ampezzo,Ice Hockey,"CLEARY, William John",USA,Men,Ice Hockey,Silver
1956,Cortina d'Ampezzo,Ice Hockey,"DOUGHERTY, Richard Leo",USA,Men,Ice Hockey,Silver
1956,Cortina d'Ampezzo,Ice Hockey,"IKOLA, Willard John",USA,Men,Ice Hockey,Silver
1956,Cortina d'Ampezzo,Ice Hockey,"MATCHEFTS, John Peter",USA,Men,Ice Hockey,Silver
1956,Cortina d'Ampezzo,Ice Hockey,"MAYASICH, John Edward",USA,Men,Ice Hockey,Silver
1956,Cortina d'Ampezzo,Ice Hockey,"MCKINNON, Daniel Duncan",USA,Men,Ice Hockey,Silver
1956,Cortina d'Ampezzo,Ice Hockey,"MEREDITH, Richard Otis",USA,Men,Ice Hockey,Silver
1956,Cortina d'Ampezzo,Ice Hockey,"OLSON, Weldon Howard",USA,Men,Ice Hockey,Silver
1956,Cortina d'Ampezzo,Ice Hockey,"PETTROSKE, John Edward",USA,Men,Ice Hockey,Silver
1956,Cortina d'Ampezzo,Ice Hockey,"PURPUR, Kenneth Richard",USA,Men,Ice Hockey,Silver
1956,Cortina d'Ampezzo,Ice Hockey,"RIGAZIO, Donald Edmund",USA,Men,Ice Hockey,Silver
1956,Cortina d'Ampezzo,Ice Hockey,"RODENHEISER, Richard Peter",USA,Men,Ice Hockey,Silver
1956,Cortina d'Ampezzo,Ice Hockey,"SAMPSON, Edward Horace",USA,Men,Ice Hockey,Silver
1960,Squaw Valley,Ice Hockey,"ATTERSLEY, Robert",CAN,Men,Ice Hockey,Silver
1960,Squaw Valley,Ice Hockey,"BENOIT, Maurice",CAN,Men,Ice Hockey,Silver
1960,Squaw Valley,Ice Hockey,"CONNELLY, James",CAN,Men,Ice Hockey,Silver
1960,Squaw Valley,Ice Hockey,"DOUGLAS, Jack",CAN,Men,Ice Hockey,Silver
1960,Squaw Valley,Ice Hockey,"ETCHER, Fred",CAN,Men,Ice Hockey,Silver
1960,Squaw Valley,Ice Hockey,"FORHAN, Robert",CAN,Men,Ice Hockey,Silver
1960,Squaw Valley,Ice Hockey,"HEAD, Donald Charles",CAN,Men,Ice Hockey,Silver
1960,Squaw Valley,Ice Hockey,"HURLEY, Harold",CAN,Men,Ice Hockey,Silver
1960,Squaw Valley,Ice Hockey,"LAUFMAN, Kenneth",CAN,Men,Ice Hockey,Silver
1960,Squaw Valley,Ice Hockey,"MARTIN, Floyd",CAN,Men,Ice Hockey,Silver
1960,Squaw Valley,Ice Hockey,"MCKNIGHT, Robert",CAN,Men,Ice Hockey,Silver
1960,Squaw Valley,Ice Hockey,"PENNINGTON, Clifford",CAN,Men,Ice Hockey,Silver
1960,Squaw Valley,Ice Hockey,"ROPE, Donald",CAN,Men,Ice Hockey,Silver
1960,Squaw Valley,Ice Hockey,"ROUSSEAU, Robert",CAN,Men,Ice Hockey,Silver
1960,Squaw Valley,Ice Hockey,"SAMOLENKO, George",CAN,Men,Ice Hockey,Silver
1960,Squaw Valley,Ice Hockey,"SINDEN, Harry",CAN,Men,Ice Hockey,Silver
1960,Squaw Valley,Ice Hockey,"SLY, Darryl Hayward",CAN,Men,Ice Hockey,Silver
1960,Squaw Valley,Ice Hockey,"CHRISTIAN, Roger Allen",USA,Men,Ice Hockey,Gold
1960,Squaw Valley,Ice Hockey,"CHRISTIAN, William David",USA,Men,Ice Hockey,Gold
1960,Squaw Valley,Ice Hockey,"CLEARY, Robert Barry",USA,Men,Ice Hockey,Gold
1960,Squaw Valley,Ice Hockey,"CLEARY, William John",USA,Men,Ice Hockey,Gold
1960,Squaw Valley,Ice Hockey,"GRAZIA, Eugene",USA,Men,Ice Hockey,Gold
1960,Squaw Valley,Ice Hockey,"JOHNSON, Paul Herbert",USA,Men,Ice Hockey,Gold
1960,Squaw Valley,Ice Hockey,"KIRRANE, John J.",USA,Men,Ice Hockey,Gold
1960,Squaw Valley,Ice Hockey,"MAYASICH, John Edward",USA,Men,Ice Hockey,Gold
1960,Squaw Valley,Ice Hockey,"MCCARTAN, John",USA,Men,Ice Hockey,Gold
1960,Squaw Valley,Ice Hockey,"MCVEY, Robert",USA,Men,Ice Hockey,Gold
1960,Squaw Valley,Ice Hockey,"MEREDITH, Richard Otis",USA,Men,Ice Hockey,Gold
1960,Squaw Valley,Ice Hockey,"OLSON, Weldon Howard",USA,Men,Ice Hockey,Gold
1960,Squaw Valley,Ice Hockey,"OWEN, Edwyn",USA,Men,Ice Hockey,Gold
1960,Squaw Valley,Ice Hockey,"PAAVOLA, Rodney",USA,Men,Ice Hockey,Gold
1960,Squaw Valley,Ice Hockey,"PALMER, Lawrence",USA,Men,Ice Hockey,Gold
1960,Squaw Valley,Ice Hockey,"RODENHEISER, Richard Peter",USA,Men,Ice Hockey,Gold
1960,Squaw Valley,Ice Hockey,"WILLIAMS, Thomas",USA,Men,Ice Hockey,Gold
1968,Grenoble,Ice Hockey,"BOURBONNAIS, Roger",CAN,Men,Ice Hockey,Bronze
1968,Grenoble,Ice Hockey,"BRODERICK, Kenneth",CAN,Men,Ice Hockey,Bronze
1968,Grenoble,Ice Hockey,"CADIEUX, Raymond",CAN,Men,Ice Hockey,Bronze
1968,Grenoble,Ice Hockey,"CONLIN, Paul",CAN,Men,Ice Hockey,Bronze
1968,Grenoble,Ice Hockey,"DINEEN, Gary",CAN,Men,Ice Hockey,Bronze
1968,Grenoble,Ice Hockey,"GLENNIE, Brian",CAN,Men,Ice Hockey,Bronze
1968,Grenoble,Ice Hockey,"HARGREAVES, Ted",CAN,Men,Ice Hockey,Bronze
1968,Grenoble,Ice Hockey,"HUCK, Francis",CAN,Men,Ice Hockey,Bronze
1968,Grenoble,Ice Hockey,"JOHNSTON, Larry Marshall",CAN,Men,Ice Hockey,Bronze
1968,Grenoble,Ice Hockey,"MCKENZIE, John Barry",CAN,Men,Ice Hockey,Bronze
1968,Grenoble,Ice Hockey,"MCMILLAN, William",CAN,Men,Ice Hockey,Bronze
1968,Grenoble,Ice Hockey,"MONTEITH, Stephen",CAN,Men,Ice Hockey,Bronze
1968,Grenoble,Ice Hockey,"MOTT, Morris",CAN,Men,Ice Hockey,Bronze
1968,Grenoble,Ice Hockey,"O'MALLEY, Terrence",CAN,Men,Ice Hockey,Bronze
1968,Grenoble,Ice Hockey,"O'SHEA, Danny",CAN,Men,Ice Hockey,Bronze
1968,Grenoble,Ice Hockey,"PINDER, Gerry",CAN,Men,Ice Hockey,Bronze
1968,Grenoble,Ice Hockey,"PINDER, Herbert",CAN,Men,Ice Hockey,Bronze
1968,Grenoble,Ice Hockey,"STEPHENSON, Wayne",CAN,Men,Ice Hockey,Bronze
1972,Sapporo,Ice Hockey,"AHEARN, Kevin Joseph",USA,Men,Ice Hockey,Silver
1972,Sapporo,Ice Hockey,"BOUCHA, Henry",USA,Men,Ice Hockey,Silver
1972,Sapporo,Ice Hockey,"BROWN, Charles Erwin",USA,Men,Ice Hockey,Silver
1972,Sapporo,Ice Hockey,"CHRISTIANSEN, Keith",USA,Men,Ice Hockey,Silver
1972,Sapporo,Ice Hockey,"CURRAN, Michael",USA,Men,Ice Hockey,Silver
1972,Sapporo,Ice Hockey,"FTOREK, Robbie",USA,Men,Ice Hockey,Silver
1972,Sapporo,Ice Hockey,"HOWE, Mark",USA,Men,Ice Hockey,Silver
1972,Sapporo,Ice Hockey,"HYMANSON, Jeffrey",USA,Men,Ice Hockey,Silver
1972,Sapporo,Ice Hockey,"IRVING, Stuart",USA,Men,Ice Hockey,Silver
1972,Sapporo,Ice Hockey,"MCELMURY, James",USA,Men,Ice Hockey,Silver
1972,Sapporo,Ice Hockey,"MCGLYNN, Richard",USA,Men,Ice Hockey,Silver
1972,Sapporo,Ice Hockey,"MELLOR, Thomas",USA,Men,Ice Hockey,Silver
1972,Sapporo,Ice Hockey,"NeSLUND, Ronald",USA,Men,Ice Hockey,Silver
1972,Sapporo,Ice Hockey,"OLDS, Walter",USA,Men,Ice Hockey,Silver
1972,Sapporo,Ice Hockey,"SANDERS, Franklynn",USA,Men,Ice Hockey,Silver
1972,Sapporo,Ice Hockey,"SARNER, Craig",USA,Men,Ice Hockey,Silver
1972,Sapporo,Ice Hockey,"SEARS, Peter",USA,Men,Ice Hockey,Silver
1972,Sapporo,Ice Hockey,"SHEEHY, Timothy",USA,Men,Ice Hockey,Silver
1980,Lake Placid,Ice Hockey,"BAKER, William",USA,Men,Ice Hockey,Gold
1980,Lake Placid,Ice Hockey,"BROTEN, Neal",USA,Men,Ice Hockey,Gold
1980,Lake Placid,Ice Hockey,"CHRISTIAN, David",USA,Men,Ice Hockey,Gold
1980,Lake Placid,Ice Hockey,"CHRISTOFF, Steven",USA,Men,Ice Hockey,Gold
1980,Lake Placid,Ice Hockey,"CRAIG, James",USA,Men,Ice Hockey,Gold
1980,Lake Placid,Ice Hockey,"ERUZIONE, Michael",USA,Men,Ice Hockey,Gold
1980,Lake Placid,Ice Hockey,"HARRINGTON, John",USA,Men,Ice Hockey,Gold
1980,Lake Placid,Ice Hockey,"JOHNSON, Mark",USA,Men,Ice Hockey,Gold
1980,Lake Placid,Ice Hockey,"MCCLANAHAN, Robert",USA,Men,Ice Hockey,Gold
1980,Lake Placid,Ice Hockey,"MORROW, Kenneth",USA,Men,Ice Hockey,Gold
1980,Lake Placid,Ice Hockey,"O'CALLAHAN, John",USA,Men,Ice Hockey,Gold
1980,Lake Placid,Ice Hockey,"PAVELICH, Mark",USA,Men,Ice Hockey,Gold
1980,Lake Placid,Ice Hockey,"RAMSEY, Michael",USA,Men,Ice Hockey,Gold
1980,Lake Placid,Ice Hockey,"SCHNEIDER, William",USA,Men,Ice Hockey,Gold
1980,Lake Placid,Ice Hockey,"SILK, David",USA,Men,Ice Hockey,Gold
1980,Lake Placid,Ice Hockey,"STROBEL, Eric",USA,Men,Ice Hockey,Gold
1980,Lake Placid,Ice Hockey,"SUTER, Robert",USA,Men,Ice Hockey,Gold
1980,Lake Placid,Ice Hockey,"VERCHOTA, Philip",USA,Men,Ice Hockey,Gold
1980,Lake Placid,Ice Hockey,"WELLS, Mark",USA,Men,Ice Hockey,Gold
1992,Albertville,Biathlon,"BEDARD, Myriam",CAN,Women,15KM,Bronze
1992,Albertville,Ice Hockey,"ARCHIBALD, David",CAN,Men,Ice Hockey,Silver
1992,Albertville,Ice Hockey,"BROST, Todd",CAN,Men,Ice Hockey,Silver
1992,Albertville,Ice Hockey,"BURKE, Sean",CAN,Men,Ice Hockey,Silver
1992,Albertville,Ice Hockey,"DAHL, Kevin",CAN,Men,Ice Hockey,Silver
1992,Albertville,Ice Hockey,"GILES, Curtis",CAN,Men,Ice Hockey,Silver
1992,Albertville,Ice Hockey,"HANNAN, David",CAN,Men,Ice Hockey,Silver
1992,Albertville,Ice Hockey,"HYNES, Gordon",CAN,Men,Ice Hockey,Silver
1992,Albertville,Ice Hockey,"JOSEPH, Fabian",CAN,Men,Ice Hockey,Silver
1992,Albertville,Ice Hockey,"JUNEAU, Joe",CAN,Men,Ice Hockey,Silver
1992,Albertville,Ice Hockey,"KIDD, Trevor",CAN,Men,Ice Hockey,Silver
1992,Albertville,Ice Hockey,"LEBEAU, Patrick",CAN,Men,Ice Hockey,Silver
1992,Albertville,Ice Hockey,"LINDBERG, Chris",CAN,Men,Ice Hockey,Silver
1992,Albertville,Ice Hockey,"LINDROS, Eric",CAN,Men,Ice Hockey,Silver
1992,Albertville,Ice Hockey,"MANDERVILLE, Kent",CAN,Men,Ice Hockey,Silver
1992,Albertville,Ice Hockey,"PLAVSIC, Adrian",CAN,Men,Ice Hockey,Silver
1992,Albertville,Ice Hockey,"RATUSHNY, Dan",CAN,Men,Ice Hockey,Silver
1992,Albertville,Ice Hockey,"SCHLEGEL, Bradley",CAN,Men,Ice Hockey,Silver
1992,Albertville,Ice Hockey,"SCHREIBER, Wallace",CAN,Men,Ice Hockey,Silver
1992,Albertville,Ice Hockey,"SMITH, Randy",CAN,Men,Ice Hockey,Silver
1992,Albertville,Ice Hockey,"ST.LAURENT, Sam",CAN,Men,Ice Hockey,Silver
1992,Albertville,Ice Hockey,"TIPPETT, David",CAN,Men,Ice Hockey,Silver
1992,Albertville,Ice Hockey,"TUTT, Brian",CAN,Men,Ice Hockey,Silver
1992,Albertville,Ice Hockey,"WOOLLEY, Jason",CAN,Men,Ice Hockey,Silver
1994,Lillehammer,Biathlon,"BEDARD, Myriam",CAN,Women,15KM,Gold
1994,Lillehammer,Biathlon,"BEDARD, Myriam",CAN,Women,7.5KM,Gold
1994,Lillehammer,Ice Hockey,"ASTLEY, Mark",CAN,Men,Ice Hockey,Silver
1994,Lillehammer,Ice Hockey,"AUCOIN, Adrian",CAN,Men,Ice Hockey,Silver
1994,Lillehammer,Ice Hockey,"HARLOCK, David",CAN,Men,Ice Hockey,Silver
1994,Lillehammer,Ice Hockey,"HIRSCH, Corey",CAN,Men,Ice Hockey,Silver
1994,Lillehammer,Ice Hockey,"HLUSHKO, Todd",CAN,Men,Ice Hockey,Silver
1994,Lillehammer,Ice Hockey,"JOHNSON, Greg",CAN,Men,Ice Hockey,Silver
1994,Lillehammer,Ice Hockey,"JOSEPH, Fabian",CAN,Men,Ice Hockey,Silver
1994,Lillehammer,Ice Hockey,"KARIYA, Paul",CAN,Men,Ice Hockey,Silver
1994,Lillehammer,Ice Hockey,"KONTOS, Chris",CAN,Men,Ice Hockey,Silver
1994,Lillehammer,Ice Hockey,"LEGACE, Manny",CAN,Men,Ice Hockey,Silver
1994,Lillehammer,Ice Hockey,"LOVSIN, Ken",CAN,Men,Ice Hockey,Silver
1994,Lillehammer,Ice Hockey,"MAYER, Derek",CAN,Men,Ice Hockey,Silver
1994,Lillehammer,Ice Hockey,"NEDVED, Peter",CAN,Men,Ice Hockey,Silver
1994,Lillehammer,Ice Hockey,"NORRIS, Dwayne",CAN,Men,Ice Hockey,Silver
1994,Lillehammer,Ice Hockey,"PARKS, Greg",CAN,Men,Ice Hockey,Silver
1994,Lillehammer,Ice Hockey,"ROY, Allain",CAN,Men,Ice Hockey,Silver
1994,Lillehammer,Ice Hockey,"ROY, Jean Yves",CAN,Men,Ice Hockey,Silver
1994,Lillehammer,Ice Hockey,"SAVAGE, Brian",CAN,Men,Ice Hockey,Silver
1994,Lillehammer,Ice Hockey,"SCHLEGEL, Bradley",CAN,Men,Ice Hockey,Silver
1994,Lillehammer,Ice Hockey,"SCHREIBER, Wallace",CAN,Men,Ice Hockey,Silver
1994,Lillehammer,Ice Hockey,"THERIEN, Chris",CAN,Men,Ice Hockey,Silver
1994,Lillehammer,Ice Hockey,"WARRINER, Todd",CAN,Men,Ice Hockey,Silver
1994,Lillehammer,Ice Hockey,"WERENKA, Brad",CAN,Men,Ice Hockey,Silver
1998,Nagano,Ice Hockey,"BOTTERILL, Jennifer",CAN,Women,Ice Hockey,Silver
1998,Nagano,Ice Hockey,"BRISSON, Therese",CAN,Women,Ice Hockey,Silver
1998,Nagano,Ice Hockey,"CAMPBELL, Cassie",CAN,Women,Ice Hockey,Silver
1998,Nagano,Ice Hockey,"DIDUCK, Judy",CAN,Women,Ice Hockey,Silver
1998,Nagano,Ice Hockey,"DROLET, Nancy",CAN,Women,Ice Hockey,Silver
1998,Nagano,Ice Hockey,"DUPUIS, Lori",CAN,Women,Ice Hockey,Silver
1998,Nagano,Ice Hockey,"GOYETTE, Danielle",CAN,Women,Ice Hockey,Silver
1998,Nagano,Ice Hockey,"HEANEY, Geraldine",CAN,Women,Ice Hockey,Silver
1998,Nagano,Ice Hockey,"HEFFORD, Jayna",CAN,Women,Ice Hockey,Silver
1998,Nagano,Ice Hockey,"KELLAR, Becky",CAN,Women,Ice Hockey,Silver
1998,Nagano,Ice Hockey,"MCCORMACK, Katheryn",CAN,Women,Ice Hockey,Silver
1998,Nagano,Ice Hockey,"NYSTROM, Karen",CAN,Women,Ice Hockey,Silver
1998,Nagano,Ice Hockey,"REDDON, Lesley",CAN,Women,Ice Hockey,Silver
1998,Nagano,Ice Hockey,"RHEAUME, Manon",CAN,Women,Ice Hockey,Silver
1998,Nagano,Ice Hockey,"SCHULER, Laura",CAN,Women,Ice Hockey,Silver
1998,Nagano,Ice Hockey,"SMITH, Fiona",CAN,Women,Ice Hockey,Silver
1998,Nagano,Ice Hockey,"ST-LOUIS, France",CAN,Women,Ice Hockey,Silver
1998,Nagano,Ice Hockey,"SUNOHARA, Vicky",CAN,Women,Ice Hockey,Silver
1998,Nagano,Ice Hockey,"WICKENHEISER, Hayley",CAN,Women,Ice Hockey,Silver
1998,Nagano,Ice Hockey,"WILSON, Stacy",CAN,Women,Ice Hockey,Silver
1998,Nagano,Ice Hockey,"BAILEY, Chris",USA,Women,Ice Hockey,Gold
1998,Nagano,Ice Hockey,"BAKER, Laurie",USA,Women,Ice Hockey,Gold
1998,Nagano,Ice Hockey,"BLAHOSKI, Alana",USA,Women,Ice Hockey,Gold
1998,Nagano,Ice Hockey,"BROWN-MILLER, Lisa",USA,Women,Ice Hockey,Gold
1998,Nagano,Ice Hockey,"BYE, Karyn",USA,Women,Ice Hockey,Gold
1998,Nagano,Ice Hockey,"COYNE, Colleen",USA,Women,Ice Hockey,Gold
1998,Nagano,Ice Hockey,"DECOSTA, Sara",USA,Women,Ice Hockey,Gold
1998,Nagano,Ice Hockey,"DUNN-LUOMA, Tricia",USA,Women,Ice Hockey,Gold
1998,Nagano,Ice Hockey,"GRANATO, Cammi",USA,Women,Ice Hockey,Gold
1998,Nagano,Ice Hockey,"KING, Katie",USA,Women,Ice Hockey,Gold
1998,Nagano,Ice Hockey,"LOONEY, Shelley",USA,Women,Ice Hockey,Gold
1998,Nagano,Ice Hockey,"MERZ, Sue",USA,Women,Ice Hockey,Gold
1998,Nagano,Ice Hockey,"MLECZKO, Allison",USA,Women,Ice Hockey,Gold
1998,Nagano,Ice Hockey,"MOUNSEY, Tara",USA,Women,Ice Hockey,Gold
1998,Nagano,Ice Hockey,"MOVSESSIAN, Vicki",USA,Women,Ice Hockey,Gold
1998,Nagano,Ice Hockey,"POTTER, Jenny",USA,Women,Ice Hockey,Gold
1998,Nagano,Ice Hockey,"RUGGIERO, Angela",USA,Women,Ice Hockey,Gold
1998,Nagano,Ice Hockey,"TUETING, Sarah",USA,Women,Ice Hockey,Gold
1998,Nagano,Ice Hockey,"ULION, Gretchen",USA,Women,Ice Hockey,Gold
1998,Nagano,Ice Hockey,"WHYTE, Sandra",USA,Women,Ice Hockey,Gold
2002,Salt Lake City,Ice Hockey,"BELFOUR, Ed",CAN,Men,Ice Hockey,Gold
2002,Salt Lake City,Ice Hockey,"BLAKE, Rob",CAN,Men,Ice Hockey,Gold
2002,Salt Lake City,Ice Hockey,"BREWER, Eric",CAN,Men,Ice Hockey,Gold
2002,Salt Lake City,Ice Hockey,"BRODEUR, Martin",CAN,Men,Ice Hockey,Gold
2002,Salt Lake City,Ice Hockey,"FLEURY, Theo",CAN,Men,Ice Hockey,Gold
2002,Salt Lake City,Ice Hockey,"FOOTE, Adam",CAN,Men,Ice Hockey,Gold
2002,Salt Lake City,Ice Hockey,"GAGNE, Simon",CAN,Men,Ice Hockey,Gold
2002,Salt Lake City,Ice Hockey,"IGINLA, Jarome",CAN,Men,Ice Hockey,Gold
2002,Salt Lake City,Ice Hockey,"JOSEPH, Curtis",CAN,Men,Ice Hockey,Gold
2002,Salt Lake City,Ice Hockey,"JOVANOVSKI, Ed",CAN,Men,Ice Hockey,Gold
2002,Salt Lake City,Ice Hockey,"KARIYA, Paul",CAN,Men,Ice Hockey,Gold
2002,Salt Lake City,Ice Hockey,"LEMIEUX, Mario",CAN,Men,Ice Hockey,Gold
2002,Salt Lake City,Ice Hockey,"LINDROS, Eric",CAN,Men,Ice Hockey,Gold
2002,Salt Lake City,Ice Hockey,"MACINNIS, Al",CAN,Men,Ice Hockey,Gold
2002,Salt Lake City,Ice Hockey,"NIEDERMAYER, Scott",CAN,Men,Ice Hockey,Gold
2002,Salt Lake City,Ice Hockey,"NIEUWENDYK, Joe",CAN,Men,Ice Hockey,Gold
2002,Salt Lake City,Ice Hockey,"NOLAN, Owen",CAN,Men,Ice Hockey,Gold
2002,Salt Lake City,Ice Hockey,"PECA, Mike",CAN,Men,Ice Hockey,Gold
2002,Salt Lake City,Ice Hockey,"PRONGER, Chris",CAN,Men,Ice Hockey,Gold
2002,Salt Lake City,Ice Hockey,"SAKIC, Joe",CAN,Men,Ice Hockey,Gold
2002,Salt Lake City,Ice Hockey,"SHANAHAN, Brendan",CAN,Men,Ice Hockey,Gold
2002,Salt Lake City,Ice Hockey,"SMYTH, Ryan",CAN,Men,Ice Hockey,Gold
2002,Salt Lake City,Ice Hockey,"YZERMAN, Steve",CAN,Men,Ice Hockey,Gold
2002,Salt Lake City,Ice Hockey,"ANTAL, Dana",CAN,Women,Ice Hockey,Gold
2002,Salt Lake City,Ice Hockey,"BECHARD, Kelly",CAN,Women,Ice Hockey,Gold
2002,Salt Lake City,Ice Hockey,"BOTTERILL, Jennifer",CAN,Women,Ice Hockey,Gold
2002,Salt Lake City,Ice Hockey,"BRISSON, Therese",CAN,Women,Ice Hockey,Gold
2002,Salt Lake City,Ice Hockey,"CAMPBELL, Cassie",CAN,Women,Ice Hockey,Gold
2002,Salt Lake City,Ice Hockey,"CHARTRAND, Isabelle",CAN,Women,Ice Hockey,Gold
2002,Salt Lake City,Ice Hockey,"DUPUIS, Lori",CAN,Women,Ice Hockey,Gold
2002,Salt Lake City,Ice Hockey,"GOYETTE, Danielle",CAN,Women,Ice Hockey,Gold
2002,Salt Lake City,Ice Hockey,"HEANEY, Geraldine",CAN,Women,Ice Hockey,Gold
2002,Salt Lake City,Ice Hockey,"HEFFORD, Jayna",CAN,Women,Ice Hockey,Gold
2002,Salt Lake City,Ice Hockey,"KELLAR, Becky",CAN,Women,Ice Hockey,Gold
2002,Salt Lake City,Ice Hockey,"OUELLETTE, Caroline",CAN,Women,Ice Hockey,Gold
2002,Salt Lake City,Ice Hockey,"PIPER, Cherie",CAN,Women,Ice Hockey,Gold
2002,Salt Lake City,Ice Hockey,"POUNDER, Cheryl",CAN,Women,Ice Hockey,Gold
2002,Salt Lake City,Ice Hockey,"SHEWCHUK, Tammy Lee",CAN,Women,Ice Hockey,Gold
2002,Salt Lake City,Ice Hockey,"SMALL, Sami Jo",CAN,Women,Ice Hockey,Gold
2002,Salt Lake City,Ice Hockey,"SOSTORICS, Colleen",CAN,Women,Ice Hockey,Gold
2002,Salt Lake City,Ice Hockey,"ST-PIERRE, Kim",CAN,Women,Ice Hockey,Gold
2002,Salt Lake City,Ice Hockey,"SUNOHARA, Vicky",CAN,Women,Ice Hockey,Gold
2002,Salt Lake City,Ice Hockey,"WICKENHEISER, Hayley",CAN,Women,Ice Hockey,Gold
2002,Salt Lake City,Ice Hockey,"AMONTE, Tony",USA,Men,Ice Hockey,Silver
2002,Salt Lake City,Ice Hockey,"BARRASSO, Tom",USA,Men,Ice Hockey,Silver
2002,Salt Lake City,Ice Hockey,"CHELIOS, Chris",USA,Men,Ice Hockey,Silver
2002,Salt Lake City,Ice Hockey,"DEADMARSH, Adam",USA,Men,Ice Hockey,Silver
2002,Salt Lake City,Ice Hockey,"DRURY, Chris",USA,Men,Ice Hockey,Silver
2002,Salt Lake City,Ice Hockey,"DUNHAM, Mike",USA,Men,Ice Hockey,Silver
2002,Salt Lake City,Ice Hockey,"GUERIN, Bill",USA,Men,Ice Hockey,Silver
2002,Salt Lake City,Ice Hockey,"HOUSLEY, Phil",USA,Men,Ice Hockey,Silver
2002,Salt Lake City,Ice Hockey,"HULL, Brett",USA,Men,Ice Hockey,Silver
2002,Salt Lake City,Ice Hockey,"LECLAIR, John",USA,Men,Ice Hockey,Silver
2002,Salt Lake City,Ice Hockey,"LEETCH, Brian",USA,Men,Ice Hockey,Silver
2002,Salt Lake City,Ice Hockey,"MILLER, Aaron",USA,Men,Ice Hockey,Silver
2002,Salt Lake City,Ice Hockey,"MODANO, Mike",USA,Men,Ice Hockey,Silver
2002,Salt Lake City,Ice Hockey,"POTI, Tom",USA,Men,Ice Hockey,Silver
2002,Salt Lake City,Ice Hockey,"RAFALSKI, Brian",USA,Men,Ice Hockey,Silver
2002,Salt Lake City,Ice Hockey,"RICHTER, Mike",USA,Men,Ice Hockey,Silver
2002,Salt Lake City,Ice Hockey,"ROENICK, Jeremy",USA,Men,Ice Hockey,Silver
2002,Salt Lake City,Ice Hockey,"ROLSTON, Brian",USA,Men,Ice Hockey,Silver
2002,Salt Lake City,Ice Hockey,"SUTER, Gary",USA,Men,Ice Hockey,Silver
2002,Salt Lake City,Ice Hockey,"TKACHUK, Keith",USA,Men,Ice Hockey,Silver
2002,Salt Lake City,Ice Hockey,"WEIGHT, Doug",USA,Men,Ice Hockey,Silver
2002,Salt Lake City,Ice Hockey,"YORK, Mike",USA,Men,Ice Hockey,Silver
2002,Salt Lake City,Ice Hockey,"YOUNG, Scott",USA,Men,Ice Hockey,Silver
2002,Salt Lake City,Ice Hockey,"BAILEY, Chris",USA,Women,Ice Hockey,Silver
2002,Salt Lake City,Ice Hockey,"BAKER, Laurie",USA,Women,Ice Hockey,Silver
2002,Salt Lake City,Ice Hockey,"BYE, Karyn",USA,Women,Ice Hockey,Silver
2002,Salt Lake City,Ice Hockey,"CHU, Julie",USA,Women,Ice Hockey,Silver
2002,Salt Lake City,Ice Hockey,"DARWITZ, Natalie",USA,Women,Ice Hockey,Silver
2002,Salt Lake City,Ice Hockey,"DECOSTA, Sara",USA,Women,Ice Hockey,Silver
2002,Salt Lake City,Ice Hockey,"DUNN-LUOMA, Tricia",USA,Women,Ice Hockey,Silver
2002,Salt Lake City,Ice Hockey,"GRANATO, Cammi",USA,Women,Ice Hockey,Silver
2002,Salt Lake City,Ice Hockey,"KENNEDY, Courtney",USA,Women,Ice Hockey,Silver
2002,Salt Lake City,Ice Hockey,"KILBOURNE, Andrea",USA,Women,Ice Hockey,Silver
2002,Salt Lake City,Ice Hockey,"KING, Katie",USA,Women,Ice Hockey,Silver
2002,Salt Lake City,Ice Hockey,"LOONEY, Shelley",USA,Women,Ice Hockey,Silver
2002,Salt Lake City,Ice Hockey,"MERZ, Sue",USA,Women,Ice Hockey,Silver
2002,Salt Lake City,Ice Hockey,"MLECZKO, Allison",USA,Women,Ice Hockey,Silver
2002,Salt Lake City,Ice Hockey,"MOUNSEY, Tara",USA,Women,Ice Hockey,Silver
2002,Salt Lake City,Ice Hockey,"POTTER, Jenny",USA,Women,Ice Hockey,Silver
2002,Salt Lake City,Ice Hockey,"RUGGIERO, Angela",USA,Women,Ice Hockey,Silver
2002,Salt Lake City,Ice Hockey,"TUETING, Sarah",USA,Women,Ice Hockey,Silver
2002,Salt Lake City,Ice Hockey,"WALL, Lyndsay",USA,Women,Ice Hockey,Silver
2002,Salt Lake City,Ice Hockey,"WENDELL, Krissy",USA,Women,Ice Hockey,Silver
2006,Turin,Ice Hockey,"AGOSTA, Meghan",CAN,Women,Ice Hockey,Gold
2006,Turin,Ice Hockey,"APPS, Gillian",CAN,Women,Ice Hockey,Gold
2006,Turin,Ice Hockey,"BOTTERILL, Jennifer",CAN,Women,Ice Hockey,Gold
2006,Turin,Ice Hockey,"CAMPBELL, Cassie",CAN,Women,Ice Hockey,Gold
2006,Turin,Ice Hockey,"FERRARI, Gillian",CAN,Women,Ice Hockey,Gold
2006,Turin,Ice Hockey,"GOYETTE, Danielle",CAN,Women,Ice Hockey,Gold
2006,Turin,Ice Hockey,"HEFFORD, Jayna",CAN,Women,Ice Hockey,Gold
2006,Turin,Ice Hockey,"KELLAR, Becky",CAN,Women,Ice Hockey,Gold
2006,Turin,Ice Hockey,"KINGSBURY, Gina",CAN,Women,Ice Hockey,Gold
2006,Turin,Ice Hockey,"LABONTE, Charline",CAN,Women,Ice Hockey,Gold
2006,Turin,Ice Hockey,"MACLEOD, Carla",CAN,Women,Ice Hockey,Gold
2006,Turin,Ice Hockey,"OUELLETTE, Caroline",CAN,Women,Ice Hockey,Gold
2006,Turin,Ice Hockey,"PIPER, Cherie",CAN,Women,Ice Hockey,Gold
2006,Turin,Ice Hockey,"POUNDER, Cheryl",CAN,Women,Ice Hockey,Gold
2006,Turin,Ice Hockey,"SOSTORICS, Colleen",CAN,Women,Ice Hockey,Gold
2006,Turin,Ice Hockey,"SUNOHARA, Vicky",CAN,Women,Ice Hockey,Gold
2006,Turin,Ice Hockey,"VAILLANCOURT, Sarah",CAN,Women,Ice Hockey,Gold
2006,Turin,Ice Hockey,"WEATHERSTON, Katie",CAN,Women,Ice Hockey,Gold
2006,Turin,Ice Hockey,"WICKENHEISER, Hayley",CAN,Women,Ice Hockey,Gold
2006,Turin,Ice Hockey,"CAHOW, Caitlin",USA,Women,Ice Hockey,Bronze
2006,Turin,Ice Hockey,"CHU, Julie",USA,Women,Ice Hockey,Bronze
2006,Turin,Ice Hockey,"DARWITZ, Natalie",USA,Women,Ice Hockey,Bronze
2006,Turin,Ice Hockey,"DREYER, Pam",USA,Women,Ice Hockey,Bronze
2006,Turin,Ice Hockey,"DUNN-LUOMA, Tricia",USA,Women,Ice Hockey,Bronze
2006,Turin,Ice Hockey,"ENGSTROM, Molly",USA,Women,Ice Hockey,Bronze
2006,Turin,Ice Hockey,"GUNN, Chanda",USA,Women,Ice Hockey,Bronze
2006,Turin,Ice Hockey,"HAGERMAN, Jamie",USA,Women,Ice Hockey,Bronze
2006,Turin,Ice Hockey,"INSALACO, Kim",USA,Women,Ice Hockey,Bronze
2006,Turin,Ice Hockey,"KAUTH, Kathleen",USA,Women,Ice Hockey,Bronze
2006,Turin,Ice Hockey,"KENNEDY, Courtney",USA,Women,Ice Hockey,Bronze
2006,Turin,Ice Hockey,"KING, Katie",USA,Women,Ice Hockey,Bronze
2006,Turin,Ice Hockey,"KING, Kristin",USA,Women,Ice Hockey,Bronze
2006,Turin,Ice Hockey,"PARSONS, Sarah",USA,Women,Ice Hockey,Bronze
2006,Turin,Ice Hockey,"POTTER, Jenny",USA,Women,Ice Hockey,Bronze
2006,Turin,Ice Hockey,"RESOR, Helen",USA,Women,Ice Hockey,Bronze
2006,Turin,Ice Hockey,"RUGGIERO, Angela",USA,Women,Ice Hockey,Bronze
2006,Turin,Ice Hockey,"STEPHENS, Kelly",USA,Women,Ice Hockey,Bronze
2006,Turin,Ice Hockey,"WALL, Lyndsay",USA,Women,Ice Hockey,Bronze
2006,Turin,Ice Hockey,"WENDELL, Krissy",USA,Women,Ice Hockey,Bronze
2010,Vancouver,Ice Hockey,"BERGERON, Patrice",CAN,Men,Ice Hockey,Gold
2010,Vancouver,Ice Hockey,"BOYLE, Dan",CAN,Men,Ice Hockey,Gold
2010,Vancouver,Ice Hockey,"BRODEUR, Martin",CAN,Men,Ice Hockey,Gold
2010,Vancouver,Ice Hockey,"CROSBY, Sidney",CAN,Men,Ice Hockey,Gold
2010,Vancouver,Ice Hockey,"DOUGHTY, Drew",CAN,Men,Ice Hockey,Gold
2010,Vancouver,Ice Hockey,"FLEURY, Marc-Andre",CAN,Men,Ice Hockey,Gold
2010,Vancouver,Ice Hockey,"GETZLAF, Ryan",CAN,Men,Ice Hockey,Gold
2010,Vancouver,Ice Hockey,"HEATLEY, Dany",CAN,Men,Ice Hockey,Gold
2010,Vancouver,Ice Hockey,"IGINLA, Jarome",CAN,Men,Ice Hockey,Gold
2010,Vancouver,Ice Hockey,"KEITH, Duncan",CAN,Men,Ice Hockey,Gold
2010,Vancouver,Ice Hockey,"LUONGO, Roberto",CAN,Men,Ice Hockey,Gold
2010,Vancouver,Ice Hockey,"MARLEAU, Patrick",CAN,Men,Ice Hockey,Gold
2010,Vancouver,Ice Hockey,"MORROW, Brenden",CAN,Men,Ice Hockey,Gold
2010,Vancouver,Ice Hockey,"NASH, Rick",CAN,Men,Ice Hockey,Gold
2010,Vancouver,Ice Hockey,"NIEDERMAYER, Scott",CAN,Men,Ice Hockey,Gold
2010,Vancouver,Ice Hockey,"PERRY, Corey",CAN,Men,Ice Hockey,Gold
2010,Vancouver,Ice Hockey,"PRONGER, Chris",CAN,Men,Ice Hockey,Gold
2010,Vancouver,Ice Hockey,"RICHARDS, Mike",CAN,Men,Ice Hockey,Gold
2010,Vancouver,Ice Hockey,"SEABROOK, Brent",CAN,Men,Ice Hockey,Gold
2010,Vancouver,Ice Hockey,"STAAL, Eric",CAN,Men,Ice Hockey,Gold
2010,Vancouver,Ice Hockey,"THORNTON, Joe",CAN,Men,Ice Hockey,Gold
2010,Vancouver,Ice Hockey,"TOEWS, Jonathan",CAN,Men,Ice Hockey,Gold
2010,Vancouver,Ice Hockey,"WEBER, Shea",CAN,Men,Ice Hockey,Gold
2010,Vancouver,Ice Hockey,"AGOSTA, Meghan",CAN,Women,Ice Hockey,Gold
2010,Vancouver,Ice Hockey,"APPS, Gillian",CAN,Women,Ice Hockey,Gold
2010,Vancouver,Ice Hockey,"BONHOMME, Tessa",CAN,Women,Ice Hockey,Gold
2010,Vancouver,Ice Hockey,"BOTTERILL, Jennifer",CAN,Women,Ice Hockey,Gold
2010,Vancouver,Ice Hockey,"HEFFORD, Jayna",CAN,Women,Ice Hockey,Gold
2010,Vancouver,Ice Hockey,"IRWIN, Haley",CAN,Women,Ice Hockey,Gold
2010,Vancouver,Ice Hockey,"JOHNSTON, Rebecca",CAN,Women,Ice Hockey,Gold
2010,Vancouver,Ice Hockey,"KELLAR, Becky",CAN,Women,Ice Hockey,Gold
2010,Vancouver,Ice Hockey,"KINGSBURY, Gina",CAN,Women,Ice Hockey,Gold
2010,Vancouver,Ice Hockey,"LABONTE, Charline",CAN,Women,Ice Hockey,Gold
2010,Vancouver,Ice Hockey,"MACLEOD, Carla",CAN,Women,Ice Hockey,Gold
2010,Vancouver,Ice Hockey,"MIKKELSON, Meaghan",CAN,Women,Ice Hockey,Gold
2010,Vancouver,Ice Hockey,"OUELLETTE, Caroline",CAN,Women,Ice Hockey,Gold
2010,Vancouver,Ice Hockey,"PIPER, Cherie",CAN,Women,Ice Hockey,Gold
2010,Vancouver,Ice Hockey,"POULIN, Marie-Philip",CAN,Women,Ice Hockey,Gold
2010,Vancouver,Ice Hockey,"SOSTORICS, Colleen",CAN,Women,Ice Hockey,Gold
2010,Vancouver,Ice Hockey,"ST-PIERRE, Kim",CAN,Women,Ice Hockey,Gold
2010,Vancouver,Ice Hockey,"SZABADOS, Shannon",CAN,Women,Ice Hockey,Gold
2010,Vancouver,Ice Hockey,"VAILLANCOURT, Sarah",CAN,Women,Ice Hockey,Gold
2010,Vancouver,Ice Hockey,"WARD, Catherine",CAN,Women,Ice Hockey,Gold
2010,Vancouver,Ice Hockey,"WICKENHEISER, Hayley",CAN,Women,Ice Hockey,Gold
2010,Vancouver,Ice Hockey,"BACKES, David",USA,Men,Ice Hockey,Silver
2010,Vancouver,Ice Hockey,"BROWN, Dustin",USA,Men,Ice Hockey,Silver
2010,Vancouver,Ice Hockey,"CALLAHAN, Ryan",USA,Men,Ice Hockey,Silver
2010,Vancouver,Ice Hockey,"DRURY, Chris",USA,Men,Ice Hockey,Silver
2010,Vancouver,Ice Hockey,"GLEASON, Tim",USA,Men,Ice Hockey,Silver
2010,Vancouver,Ice Hockey,"JOHNSON, Erik",USA,Men,Ice Hockey,Silver
2010,Vancouver,Ice Hockey,"JOHNSON, Jack",USA,Men,Ice Hockey,Silver
2010,Vancouver,Ice Hockey,"KANE, Patrick",USA,Men,Ice Hockey,Silver
2010,Vancouver,Ice Hockey,"KESLER, Ryan",USA,Men,Ice Hockey,Silver
2010,Vancouver,Ice Hockey,"KESSEL, Phil",USA,Men,Ice Hockey,Silver
2010,Vancouver,Ice Hockey,"LANGENBRUNNER, Jamie",USA,Men,Ice Hockey,Silver
2010,Vancouver,Ice Hockey,"MALONE, Ryan",USA,Men,Ice Hockey,Silver
2010,Vancouver,Ice Hockey,"MILLER, Ryan",USA,Men,Ice Hockey,Silver
2010,Vancouver,Ice Hockey,"ORPIK, Brooks",USA,Men,Ice Hockey,Silver
2010,Vancouver,Ice Hockey,"PARISE, Zach",USA,Men,Ice Hockey,Silver
2010,Vancouver,Ice Hockey,"PAVELSKI, Joe",USA,Men,Ice Hockey,Silver
2010,Vancouver,Ice Hockey,"QUICK, Jonathan",USA,Men,Ice Hockey,Silver
2010,Vancouver,Ice Hockey,"RAFALSKI, Brian",USA,Men,Ice Hockey,Silver
2010,Vancouver,Ice Hockey,"RYAN, Bobby",USA,Men,Ice Hockey,Silver
2010,Vancouver,Ice Hockey,"STASTNY, Paul",USA,Men,Ice Hockey,Silver
2010,Vancouver,Ice Hockey,"SUTER, Ryan",USA,Men,Ice Hockey,Silver
2010,Vancouver,Ice Hockey,"THOMAS, Tim",USA,Men,Ice Hockey,Silver
2010,Vancouver,Ice Hockey,"WHITNEY, Ryan",USA,Men,Ice Hockey,Silver
2010,Vancouver,Ice Hockey,"BELLAMY, Kacey",USA,Women,Ice Hockey,Silver
2010,Vancouver,Ice Hockey,"CAHOW, Caitlin",USA,Women,Ice Hockey,Silver
2010,Vancouver,Ice Hockey,"CHESSON, Lisa",USA,Women,Ice Hockey,Silver
2010,Vancouver,Ice Hockey,"CHU, Julie",USA,Women,Ice Hockey,Silver
2010,Vancouver,Ice Hockey,"DARWITZ, Natalie",USA,Women,Ice Hockey,Silver
2010,Vancouver,Ice Hockey,"DUGGAN, Meghan",USA,Women,Ice Hockey,Silver
2010,Vancouver,Ice Hockey,"ENGSTROM, Molly",USA,Women,Ice Hockey,Silver
2010,Vancouver,Ice Hockey,"KNIGHT, Hilary",USA,Women,Ice Hockey,Silver
2010,Vancouver,Ice Hockey,"LAMOUREUX, Jocelyne",USA,Women,Ice Hockey,Silver
2010,Vancouver,Ice Hockey,"LAMOUREUX, Monique",USA,Women,Ice Hockey,Silver
2010,Vancouver,Ice Hockey,"LAWLER, Erika",USA,Women,Ice Hockey,Silver
2010,Vancouver,Ice Hockey,"MARVIN, Gigi",USA,Women,Ice Hockey,Silver
2010,Vancouver,Ice Hockey,"McLAUGHLIN, Brianne",USA,Women,Ice Hockey,Silver
2010,Vancouver,Ice Hockey,"POTTER, Jenny",USA,Women,Ice Hockey,Silver
2010,Vancouver,Ice Hockey,"RUGGIERO, Angela",USA,Women,Ice Hockey,Silver
2010,Vancouver,Ice Hockey,"SCHAUS, Molly",USA,Women,Ice Hockey,Silver
2010,Vancouver,Ice Hockey,"STACK, Kelli",USA,Women,Ice Hockey,Silver
2010,Vancouver,Ice Hockey,"THATCHER, Karen",USA,Women,Ice Hockey,Silver
2010,Vancouver,Ice Hockey,"VETTER, Jessie",USA,Women,Ice Hockey,Silver
2010,Vancouver,Ice Hockey,"WEILAND, Kerry",USA,Women,Ice Hockey,Silver
2010,Vancouver,Ice Hockey,"ZAUGG-SIERGIEJ, Jinelle",USA,Women,Ice Hockey,Silver
2014,Sochi,Ice Hockey,"BENN, Jamie",CAN,Men,Ice Hockey,Gold
2014,Sochi,Ice Hockey,"BERGERON, Patrice",CAN,Men,Ice Hockey,Gold
2014,Sochi,Ice Hockey,"BOUWMEESTER, Jay",CAN,Men,Ice Hockey,Gold
2014,Sochi,Ice Hockey,"CARTER, Jeff",CAN,Men,Ice Hockey,Gold
2014,Sochi,Ice Hockey,"CROSBY, Sidney",CAN,Men,Ice Hockey,Gold
2014,Sochi,Ice Hockey,"DOUGHTY, Drew",CAN,Men,Ice Hockey,Gold
2014,Sochi,Ice Hockey,"DUCHENE, Matt",CAN,Men,Ice Hockey,Gold
2014,Sochi,Ice Hockey,"GETZLAF, Ryan",CAN,Men,Ice Hockey,Gold
2014,Sochi,Ice Hockey,"HAMHUIS, Dan",CAN,Men,Ice Hockey,Gold
2014,Sochi,Ice Hockey,"KEITH, Duncan",CAN,Men,Ice Hockey,Gold
2014,Sochi,Ice Hockey,"KUNITZ, Chris",CAN,Men,Ice Hockey,Gold
2014,Sochi,Ice Hockey,"LUONGO, Roberto",CAN,Men,Ice Hockey,Gold
2014,Sochi,Ice Hockey,"MARLEAU, Patrick",CAN,Men,Ice Hockey,Gold
2014,Sochi,Ice Hockey,"NASH, Rick",CAN,Men,Ice Hockey,Gold
2014,Sochi,Ice Hockey,"PERRY, Corey",CAN,Men,Ice Hockey,Gold
2014,Sochi,Ice Hockey,"PIETRANGELO, Alex",CAN,Men,Ice Hockey,Gold
2014,Sochi,Ice Hockey,"PRICE, Carey",CAN,Men,Ice Hockey,Gold
2014,Sochi,Ice Hockey,"SHARP, Patrick",CAN,Men,Ice Hockey,Gold
2014,Sochi,Ice Hockey,"SMITH, Mike",CAN,Men,Ice Hockey,Gold
2014,Sochi,Ice Hockey,"ST-LOUIS, Martin",CAN,Men,Ice Hockey,Gold
2014,Sochi,Ice Hockey,"SUBBAN, Pk",CAN,Men,Ice Hockey,Gold
2014,Sochi,Ice Hockey,"TAVARES, John",CAN,Men,Ice Hockey,Gold
2014,Sochi,Ice Hockey,"TOEWS, Jonathan",CAN,Men,Ice Hockey,Gold
2014,Sochi,Ice Hockey,"VLASIC, Marc-Edouard",CAN,Men,Ice Hockey,Gold
2014,Sochi,Ice Hockey,"WEBER, Shea",CAN,Men,Ice Hockey,Gold
2014,Sochi,Ice Hockey,"AGOSTA, Meghan",CAN,Women,Ice Hockey,Gold
2014,Sochi,Ice Hockey,"APPS, Gillian",CAN,Women,Ice Hockey,Gold
2014,Sochi,Ice Hockey,"DAOUST, Melodie",CAN,Women,Ice Hockey,Gold
2014,Sochi,Ice Hockey,"FORTINO, Laura",CAN,Women,Ice Hockey,Gold
2014,Sochi,Ice Hockey,"HEFFORD, Jayna",CAN,Women,Ice Hockey,Gold
2014,Sochi,Ice Hockey,"IRWIN, Haley",CAN,Women,Ice Hockey,Gold
2014,Sochi,Ice Hockey,"JENNER, Brianne",CAN,Women,Ice Hockey,Gold
2014,Sochi,Ice Hockey,"JOHNSTON, Rebecca",CAN,Women,Ice Hockey,Gold
2014,Sochi,Ice Hockey,"LABONTE, Charline",CAN,Women,Ice Hockey,Gold
2014,Sochi,Ice Hockey,"LACASSE, Genevieve",CAN,Women,Ice Hockey,Gold
2014,Sochi,Ice Hockey,"LAROCQUE, Jocelyne",CAN,Women,Ice Hockey,Gold
2014,Sochi,Ice Hockey,"MIKKELSON, Meaghan",CAN,Women,Ice Hockey,Gold
2014,Sochi,Ice Hockey,"OUELLETTE, Caroline",CAN,Women,Ice Hockey,Gold
2014,Sochi,Ice Hockey,"POULIN, Marie-Philip",CAN,Women,Ice Hockey,Gold
2014,Sochi,Ice Hockey,"ROUGEAU, Lauriane",CAN,Women,Ice Hockey,Gold
2014,Sochi,Ice Hockey,"SPOONER, Natalie",CAN,Women,Ice Hockey,Gold
2014,Sochi,Ice Hockey,"SZABADOS, Shannon",CAN,Women,Ice Hockey,Gold
2014,Sochi,Ice Hockey,"WAKEFIELD, Jennifer",CAN,Women,Ice Hockey,Gold
2014,Sochi,Ice Hockey,"WARD, Catherine",CAN,Women,Ice Hockey,Gold
2014,Sochi,Ice Hockey,"WATCHORN, Tara",CAN,Women,Ice Hockey,Gold
2014,Sochi,Ice Hockey,"WICKENHEISER, Hayley",CAN,Women,Ice Hockey,Gold
2014,Sochi,Ice Hockey,"BELLAMY, Kacey",USA,Women,Ice Hockey,Silver
2014,Sochi,Ice Hockey,"BOZEK, Megan",USA,Women,Ice Hockey,Silver
2014,Sochi,Ice Hockey,"CARPENTER, Alex",USA,Women,Ice Hockey,Silver
2014,Sochi,Ice Hockey,"CHU, Julie",USA,Women,Ice Hockey,Silver
2014,Sochi,Ice Hockey,"COYNE, Kendall",USA,Women,Ice Hockey,Silver
2014,Sochi,Ice Hockey,"DECKER, Brianna",USA,Women,Ice Hockey,Silver
2014,Sochi,Ice Hockey,"DUGGAN, Meghan",USA,Women,Ice Hockey,Silver
2014,Sochi,Ice Hockey,"FRY, Lyndsey",USA,Women,Ice Hockey,Silver
2014,Sochi,Ice Hockey,"KESSEL, Amanda",USA,Women,Ice Hockey,Silver
2014,Sochi,Ice Hockey,"KNIGHT, Hilary",USA,Women,Ice Hockey,Silver
2014,Sochi,Ice Hockey,"LAMOUREUX, Jocelyne",USA,Women,Ice Hockey,Silver
2014,Sochi,Ice Hockey,"LAMOUREUX, Monique",USA,Women,Ice Hockey,Silver
2014,Sochi,Ice Hockey,"MARVIN, Gigi",USA,Women,Ice Hockey,Silver
2014,Sochi,Ice Hockey,"MCLAUGHLIN, Brianne",USA,Women,Ice Hockey,Silver
2014,Sochi,Ice Hockey,"PICARD, Michelle",USA,Women,Ice Hockey,Silver
2014,Sochi,Ice Hockey,"PUCCI, Josephine",USA,Women,Ice Hockey,Silver
2014,Sochi,Ice Hockey,"SCHAUS, Molly",USA,Women,Ice Hockey,Silver
2014,Sochi,Ice Hockey,"SCHLEPER, Anne",USA,Women,Ice Hockey,Silver
2014,Sochi,Ice Hockey,"STACK, Kelli",USA,Women,Ice Hockey,Silver
2014,Sochi,Ice Hockey,"STECKLEIN, Lee",USA,Women,Ice Hockey,Silver
2014,Sochi,Ice Hockey,"VETTER, Jessie",USA,Women,Ice Hockey,Silver